id,identifier,type,x,y,z,typecolor
1,Bulbasaur,grass,9.0669851631903,-58.91983405216707,56.96302973099806,#78C850
2,Ivysaur,grass,9.340213582079837,-58.54332754304747,56.83858772924866,#78C850
3,Venusaur,grass,10.270259742854993,-58.98115703783254,56.33810829031376,#78C850
4,Charmander,fire,54.95486918912137,-0.8597281603360053,46.132408663869064,#F08030
5,Charmeleon,fire,54.80608200071674,-0.8263252457706091,46.29970675737551,#F08030
6,Charizard,fire,55.869840324731605,-0.12364439995158856,46.561304764879075,#F08030
7,Squirtle,water,5.320936822401406,-1.9485118589081873,-73.54824446436281,#6890F0
8,Wartortle,water,5.6419516619861945,-2.0423904626287253,-73.33881973815701,#6890F0
9,Blastoise,water,6.575312057653703,-2.3064879987033917,-72.76029511222062,#6890F0
10,Caterpie,bug,-71.4242191593456,17.908584336541306,45.58736630106591,#A8B820
11,Metapod,bug,-67.75418600538805,17.425070784964717,46.05905763992688,#A8B820
12,Butterfree,bug,-28.071288467041686,-50.97151917896947,-8.339898418627639,#A8B820
13,Weedle,bug,-68.79740336371002,17.521476930402503,43.99962004995148,#A8B820
14,Kakuna,bug,-67.500456266027,17.701757805200458,44.87323453036905,#A8B820
15,Beedrill,bug,-25.085944235877882,-46.90731416770618,-10.937838612723194,#A8B820
16,Pidgey,flying,-40.28291600114511,37.36179814229878,-21.92804389854833,#A8A878
17,Pidgeotto,flying,-39.725893969172226,37.65137206931782,-22.141271491689672,#A8A878
18,Pidgeot,flying,-39.131325907844186,37.134323325175046,-22.715303853878176,#A8A878
19,Rattata,normal,17.795552696645156,24.25448075380389,-10.00142073904444,#A8A878
20,Raticate,normal,17.70036920073751,24.256781029430485,-9.936137840560516,#A8A878
21,Spearow,flying,-42.21530032020197,36.045435401957455,-24.244792303812954,#A8A878
22,Fearow,flying,-41.8941365075975,36.49703555062743,-24.184251148911226,#A8A878
23,Ekans,poison,-15.785375782184062,-20.818923648253215,11.269886476306931,#A040A0
24,Arbok,poison,-16.011802752395965,-20.926533477336708,11.444017033514575,#A040A0
25,Pikachu,electric,-70.25057157348684,-16.788789351557167,-0.13732782938641988,#F8D030
26,Raichu,electric,-70.08452799463525,-16.212392272889943,-0.034908739748438514,#F8D030
27,Sandshrew,ground,37.97729340483947,-31.651702019312417,-22.522088942354262,#E0C068
28,Sandslash,ground,37.982521936095246,-31.655323368110896,-22.522373067576698,#E0C068
29,Nidoran-F,poison,16.65926936924264,47.58553790143657,-44.8354090560551,#A040A0
30,Nidorina,poison,17.253371293351176,47.04129807814534,-44.6884139982828,#A040A0
31,Nidoqueen,poison,35.77727694447786,29.644388131349427,-27.461846228792112,#A040A0
32,Nidoran-M,poison,17.69702882877983,48.31332539550268,-44.54534596067366,#A040A0
33,Nidorino,poison,17.5931588183122,47.9146862592823,-43.851239429631555,#A040A0
34,Nidoking,poison,35.77741142746837,29.625177445981887,-27.452821464690103,#A040A0
35,Clefairy,fairy,10.081822200113633,68.67891130300157,-12.630377006620899,#EE99AC
36,Clefable,fairy,10.899033716005695,68.74996102434426,-12.722666268469629,#EE99AC
37,Vulpix,fire,40.316382733788586,5.012251860653444,45.30499785694152,#F08030
38,Ninetales,fire,40.05029134457583,5.1851536942612615,45.16053507761807,#F08030
39,Jigglypuff,normal,10.12478686743372,68.11177988848823,-14.184555495505482,#A8A878
40,Wigglytuff,normal,10.871625264220242,68.19394351223711,-14.120862961512929,#A8A878
41,Zubat,poison,-58.25592615009382,25.75796379276299,-12.500219685925673,#A040A0
42,Golbat,poison,-58.665066243505535,25.215092436900797,-12.358803071770701,#A040A0
43,Oddish,grass,0.6062992051276441,-57.83280445565714,40.48583412874368,#78C850
44,Gloom,grass,0.9578549796548433,-57.337571124891525,40.49828903977277,#78C850
45,Vileplume,grass,1.5604099285527795,-56.41442513649175,40.45955967281183,#78C850
46,Paras,bug,-4.221254491565804,-66.61647656705874,39.66409686323156,#A8B820
47,Parasect,bug,-4.190583847781867,-66.54725117464132,39.65197375104705,#A8B820
48,Venonat,bug,-27.579158541055435,-51.987374269327354,-6.405445449159467,#A8B820
49,Venomoth,bug,-27.868329619108277,-51.37157578817953,-7.58802960360845,#A8B820
50,Diglett,ground,35.51924216481568,-26.05003871814526,-24.540087520812413,#E0C068
51,Dugtrio,ground,35.51359157788427,-26.072076459011253,-24.52984381780241,#E0C068
52,Meowth,normal,-0.9119303070175394,21.750262692284483,11.892746967873833,#A8A878
53,Persian,normal,-1.0059198975101056,21.77381701332984,12.009095544430838,#A8A878
54,Psyduck,water,5.340171384511414,2.2824898495184462,-77.20987063624189,#6890F0
55,Golduck,water,5.358403653924086,2.2559367496294223,-77.18046953506027,#6890F0
56,Mankey,fighting,55.074943316648856,42.88662192547181,6.164054936150906,#C03028
57,Primeape,fighting,54.94071830331936,42.94057982112776,6.1019031897671585,#C03028
58,Growlithe,fire,41.50382347698483,2.869307889417066,41.61674670916405,#F08030
59,Arcanine,fire,41.53193410480001,2.4150707647399265,41.473546500739005,#F08030
60,Poliwag,water,-4.047374694065628,-3.0684261029399016,-68.48418475280543,#6890F0
61,Poliwhirl,water,-2.778194939595497,-2.6952725122135055,-69.63571717810778,#6890F0
62,Poliwrath,water,-2.3458678951787366,-2.2550233715466566,-70.13514806380992,#6890F0
63,Abra,psychic,12.266198403294135,62.906744727925,20.755512245219297,#F85888
64,Kadabra,psychic,11.822570983767223,63.60499228641408,20.950310502472544,#F85888
65,Alakazam,psychic,10.922413100369864,62.83618192715245,20.6466967913371,#F85888
66,Machop,fighting,60.188245471062196,41.69012258887825,8.22334730778911,#C03028
67,Machoke,fighting,60.30823318788431,41.06585425792768,8.663620555812992,#C03028
68,Machamp,fighting,60.55567096498115,41.63760033021677,9.26258530973444,#C03028
69,Bellsprout,grass,-1.8346220353696023,-59.34159484282442,38.33921673654802,#78C850
70,Weepinbell,grass,-1.6028660759263011,-59.39607214585884,37.738993236971204,#78C850
71,Victreebel,grass,-2.0478763461866407,-58.74623583262952,37.195553807134104,#78C850
72,Tentacool,water,-29.866825079450134,0.7707438371759081,-61.88015738860672,#6890F0
73,Tentacruel,water,-29.86194179776487,0.7681726165095015,-61.874451792810525,#6890F0
74,Geodude,rock,56.19416399039599,-3.268566070620022,-23.453121094081226,#B8A038
75,Graveler,rock,55.90080537992963,-3.333382913635075,-23.957577597456666,#B8A038
76,Golem,rock,56.154582921590226,-2.4130127803351145,-23.98482247695554,#B8A038
77,Ponyta,fire,40.74086461263704,2.497654804625586,46.19344010775242,#F08030
78,Rapidash,fire,40.473678970179975,2.324127619877685,46.22626960149971,#F08030
79,Slowpoke,water,-1.752474615568753,70.08359815657023,8.761559701455825,#6890F0
80,Slowbro,water,-1.0911305291755684,69.67002458507051,9.391384575196167,#6890F0
81,Magnemite,electric,-60.16057316171564,-24.269972552162752,23.887185026480736,#F8D030
82,Magneton,electric,-59.65821912820418,-24.00594048898514,23.9013015619313,#F8D030
83,Farfetchd,flying,-40.733798502516976,39.262580677382196,-21.989683682973176,#A8A878
84,Doduo,flying,-44.752461863865626,38.51879469017121,-25.15769205771751,#A8A878
85,Dodrio,flying,-45.04892130481018,38.62943309636445,-25.516102780600548,#A8A878
86,Seel,water,-9.474150414813314,6.841148783080697,-54.24970434433307,#6890F0
87,Dewgong,water,-9.372880657315292,7.247054807979057,-54.027894289718844,#6890F0
88,Grimer,poison,-27.69154180471056,-25.03491880789504,26.052299447087027,#A040A0
89,Muk,poison,-27.79893453666049,-25.2179251596625,26.189125691616304,#A040A0
90,Shellder,water,-21.195284428071734,2.9355178737607326,-60.62142162259389,#6890F0
91,Cloyster,water,-20.953281701594754,3.2842814957242146,-60.609838720493904,#6890F0
92,Gastly,ghost,-31.83045106129409,2.31213747594666,30.408296828581744,#705898
93,Haunter,ghost,-31.729733318497505,2.050949126513827,30.238508795060834,#705898
94,Gengar,ghost,-31.2937691372227,1.0421649745362236,29.534504904858814,#705898
95,Onix,rock,48.44432973920567,-7.971869370257306,-21.010308053289094,#B8A038
96,Drowzee,psychic,11.577539214485668,63.64402456638508,19.132897172129148,#F85888
97,Hypno,psychic,10.772886189128858,63.185637619476864,19.19820065163202,#F85888
98,Krabby,water,12.506808554638578,-29.148199565211364,-74.61580935528353,#6890F0
99,Kingler,water,12.583458475923747,-29.398910891689823,-74.31120911447478,#6890F0
100,Voltorb,electric,-62.33944777238166,-22.58331841532711,23.59952068641626,#F8D030
101,Electrode,electric,-62.17564954631062,-22.372204269612435,23.682849442814607,#F8D030
102,Exeggcute,grass,5.537064165346219,-63.415286501840015,41.871853781354254,#78C850
103,Exeggutor,grass,5.621305749039223,-63.50275113692154,41.89809413060979,#78C850
104,Cubone,ground,39.2241246502618,29.402006947631687,-20.437806673244026,#E0C068
105,Marowak,ground,39.20486184727146,29.368407751773834,-20.4612482845568,#E0C068
106,Hitmonlee,fighting,59.35246325134015,37.615692655305885,9.09258595708847,#C03028
107,Hitmonchan,fighting,58.92116507880953,37.70142821167394,9.155588311899104,#C03028
108,Lickitung,normal,28.677246664144004,44.99748148593606,-10.547844096187005,#A8A878
109,Koffing,poison,-27.39665006032647,-21.920942062895545,25.259714437302858,#A040A0
110,Weezing,poison,-27.3929069223647,-21.830419721641597,25.241363765941347,#A040A0
111,Rhyhorn,ground,32.2517249712146,22.11219113573947,-20.88325066534436,#E0C068
112,Rhydon,ground,36.42307349145524,23.71777057815007,-23.04505631191247,#E0C068
113,Chansey,normal,11.950959108277285,66.72176880271249,-13.206736241438346,#A8A878
114,Tangela,grass,-2.1133654745844987,-58.278498624212496,35.92795408977103,#78C850
115,Kangaskhan,normal,29.117040542249793,43.96516355725596,-9.504195592490056,#A8A878
116,Horsea,water,-15.660896479480282,-0.09479190879895938,-57.402123307350735,#6890F0
117,Seadra,water,-15.753639786084278,-0.31465846323909863,-56.840872017002674,#6890F0
118,Goldeen,water,-14.30830728229504,-3.4936558779751037,-61.633449075529946,#6890F0
119,Seaking,water,-14.430229936869335,-3.336917215397716,-61.62356254856293,#6890F0
120,Staryu,water,-22.661552887979493,7.211684390349179,-63.01288162236439,#6890F0
121,Starmie,water,-22.728305108385214,7.428001414632908,-63.109745486274214,#6890F0
122,Mr-Mime,psychic,10.054613001059119,61.78161071951683,19.521157175911817,#F85888
123,Scyther,bug,-22.207968170142895,-44.16482897571055,-12.397197667686857,#A8B820
124,Jynx,ice,8.254029552368301,60.8508209631937,14.87905302594491,#98D8D8
125,Electabuzz,electric,-68.93766806666197,-14.787435824956358,0.4353176298244057,#F8D030
126,Magmar,fire,50.07644466002589,-7.718251820243142,39.113401373352744,#F08030
127,Pinsir,bug,61.50438402705007,30.793185826866743,2.722130848207743,#A8B820
128,Tauros,normal,30.631459401855683,22.156841083134147,-20.11955501898894,#A8A878
129,Magikarp,water,-60.26134086549843,23.435721147938654,55.63575348657533,#6890F0
130,Gyarados,water,-4.111129054370825,18.503437066647763,-45.89869951288241,#6890F0
131,Lapras,water,-9.037095519765913,8.419022446046009,-53.37953145051302,#6890F0
132,Ditto,normal,-59.08811240465516,22.064037979701734,55.4065957565926,#A8A878
133,Eevee,normal,17.768316821413215,4.081452580828642,19.47981490440336,#A8A878
134,Vaporeon,water,-5.697851402829,-2.3774653445040936,-44.70388309735474,#6890F0
135,Jolteon,electric,-75.29013206802409,-12.654230797966337,6.951065156298764,#F8D030
136,Flareon,fire,40.25355345568429,1.9351200465764336,40.99810883332456,#F08030
137,Porygon,normal,-40.16722976512508,25.681676572512544,17.13653514458895,#A8A878
138,Omanyte,rock,5.228714900158389,-23.3311602329321,-68.48117536125432,#B8A038
139,Omastar,rock,4.952830268932208,-23.353895620063017,-68.67353567484989,#B8A038
140,Kabuto,rock,6.255711709537797,-24.156363723046436,-69.16866605152728,#B8A038
141,Kabutops,rock,6.74731702346986,-24.658820639572983,-69.6614346485433,#B8A038
142,Aerodactyl,rock,25.34504388769205,-7.480911754817624,-28.1670022607634,#B8A038
143,Snorlax,normal,26.917245286415532,47.93448360794438,-8.811546996933092,#A8A878
144,Articuno,ice,-33.820090439731594,36.84850795175269,-24.443523260610476,#98D8D8
145,Zapdos,electric,-33.30236723797203,38.67145574550022,-24.175647248575647,#F8D030
146,Moltres,fire,-32.63105897963388,37.87440841598836,-24.378906422491905,#F08030
147,Dratini,dragon,-3.342548859072336,19.528422513679924,-44.69946821748074,#7038F8
148,Dragonair,dragon,-3.3850949446376286,19.46446571861869,-44.766565504175844,#7038F8
149,Dragonite,dragon,-1.8449742744494722,21.110027280339775,-42.40569267462556,#7038F8
150,Mewtwo,psychic,4.508746955430209,60.32417052534708,25.914320098274167,#F85888
151,Mew,psychic,4.9659691985200505,61.39301666236498,25.364440415315073,#F85888
152,Chikorita,grass,10.998141309122806,-55.34263437087158,56.740482966289555,#78C850
153,Bayleef,grass,11.437733669150063,-55.48014038978102,56.38055498726621,#78C850
154,Meganium,grass,12.22056914695384,-56.03956200974735,55.75201972283686,#78C850
155,Cyndaquil,fire,44.727370953924435,-0.12380499825121816,43.3502682613282,#F08030
156,Quilava,fire,45.06261623462072,-0.3506426570488176,43.15854962805186,#F08030
157,Typhlosion,fire,46.31377260083915,-1.2411444874023783,43.158105407627936,#F08030
158,Totodile,water,18.72470824374676,-2.674912082174978,-74.00066216557863,#6890F0
159,Croconaw,water,18.833920367453057,-2.3692285441857397,-73.6854605607607,#6890F0
160,Feraligatr,water,19.026768861890726,-1.7887669920671034,-73.1019146040548,#6890F0
161,Sentret,normal,15.118008931135433,25.61176749244787,-1.6700522849486545,#A8A878
162,Furret,normal,15.143276707596264,25.635293352455015,-1.4186000621079227,#A8A878
163,Hoothoot,flying,-41.62707792475231,36.585150244521465,-16.34799262793521,#A8A878
164,Noctowl,flying,-41.62562013740659,36.55464319927924,-16.038573366526727,#A8A878
165,Ledyba,bug,-36.20298001993912,-48.68870144362381,-16.31380449508153,#A8B820
166,Ledian,bug,-36.091885062268425,-48.67999487514341,-16.307655797105514,#A8B820
167,Spinarak,bug,-22.446750557341694,-49.25034750559469,1.353289021488225,#A8B820
168,Ariados,bug,-22.400816481936122,-49.25694112612666,1.3207891364359232,#A8B820
169,Crobat,poison,-58.49872014450211,24.61363304676483,-12.191513303638052,#A040A0
170,Chinchou,water,-23.469093646644094,-7.871951892767533,-65.54605034489376,#6890F0
171,Lanturn,water,-23.475092722637747,-7.8629862541959366,-65.53765624234342,#6890F0
172,Pichu,electric,-67.18170336498873,-20.20417270081583,0.37119761186209344,#F8D030
173,Cleffa,fairy,-4.719414891474864,59.73827110175472,-10.706235566125095,#EE99AC
174,Igglybuff,normal,-3.900506890214638,59.61572794898555,-10.288575928723938,#A8A878
175,Togepi,fairy,-5.648739292444411,59.774052860073105,-11.12922598970529,#EE99AC
176,Togetic,fairy,-7.194564478341711,59.79857755287339,-11.825094034875667,#EE99AC
177,Natu,psychic,-36.48871713380473,42.58755079172796,-4.461349447743152,#F85888
178,Xatu,psychic,-36.48602246248667,42.58832775439472,-4.465208165016837,#F85888
179,Mareep,electric,-72.38000384242864,-14.40133211960502,4.478095039214185,#F8D030
180,Flaaffy,electric,-71.5144636068602,-14.771149351593499,3.078856749351043,#F8D030
181,Ampharos,electric,-71.25595254196966,-14.860287850820715,2.582028650760815,#F8D030
182,Bellossom,grass,3.126026393364154,-54.12160741662024,40.54493061685959,#78C850
183,Marill,water,1.4219906909812634,-3.768977316059196,-73.17168263653457,#6890F0
184,Azumarill,water,1.1916755643907126,-3.748417239789042,-72.99198579617925,#6890F0
185,Sudowoodo,rock,55.18320572805463,-6.064790210834101,-23.88414316851093,#B8A038
186,Politoed,water,-1.6544595623468763,-2.8983341894562447,-70.48298915160079,#6890F0
187,Hoppip,grass,-9.569361562270226,-55.17327664784727,49.78970204464437,#78C850
188,Skiploom,grass,-9.796474235562819,-55.0640823665417,49.14383650569673,#78C850
189,Jumpluff,grass,-10.489849733115618,-55.371719535069445,49.42131165281861,#78C850
190,Aipom,normal,16.65703655092707,26.787046251105906,4.298127352126876,#A8A878
191,Sunkern,grass,4.417149349780462,-52.5531081578398,40.57301248702394,#78C850
192,Sunflora,grass,3.827033906822813,-53.212719230194644,40.605540698857176,#78C850
193,Yanma,bug,-30.61952508277779,-46.31086720434506,-12.984485351509715,#A8B820
194,Wooper,water,4.134448439326576,-8.039610529592117,-64.39310941829493,#6890F0
195,Quagsire,water,4.587791861285198,-7.427686591996739,-65.16553460682353,#6890F0
196,Espeon,psychic,3.6059778384322434,44.20394093098669,24.64644652697458,#F85888
197,Umbreon,dark,4.516076944240745,42.459881412070864,24.666639380145412,#705848
198,Murkrow,dark,-48.471258934075095,18.802971058808133,-6.915842145689695,#705848
199,Slowking,water,-0.7645654990680197,69.47724815170727,9.68410975289948,#6890F0
200,Misdreavus,ghost,-30.62167751053966,9.13320053457868,29.743971927958327,#705898
201,Unown,psychic,-59.11194580775897,21.90520351681579,56.34995286960314,#F85888
202,Wobbuffet,psychic,-57.13323867532842,21.801800270660294,56.991999196874,#F85888
203,Girafarig,normal,-1.8571062764981636,43.18350990124679,19.739939593199296,#A8A878
204,Pineco,bug,51.818242931834114,-14.68391890438386,-24.809169807025008,#A8B820
205,Forretress,bug,51.730974186186344,-15.078919440280702,-24.80456570973527,#A8B820
206,Dunsparce,normal,29.262258862876145,22.218509194566956,-19.488859967141828,#A8A878
207,Gligar,ground,-3.6727035339813936,-22.88422055441762,-0.6285529064264797,#E0C068
208,Steelix,steel,48.25846126107128,-7.965262574606445,-20.935918649757262,#B8B8D0
209,Snubbull,fairy,37.505245738863145,34.61332477150029,-4.571280159422486,#EE99AC
210,Granbull,fairy,37.48195931928039,34.36156123115799,-4.6804789669548885,#EE99AC
211,Qwilfish,water,-21.98564765549717,1.5336297160505414,-60.505857172266026,#6890F0
212,Scizor,bug,-22.03934033442466,-44.00963424918594,-12.45764313458521,#A8B820
213,Shuckle,bug,52.18618606499874,-13.116732881472414,-24.817972164177323,#A8B820
214,Heracross,bug,61.4872902071858,30.8768243638456,2.832035420104837,#A8B820
215,Sneasel,dark,-19.266253484881418,10.256123888901488,21.30185045041806,#705848
216,Teddiursa,normal,38.957246744764745,43.528353627071326,0.8301312517107023,#A8A878
217,Ursaring,normal,38.97317183077624,43.530377747712464,0.8319079500934466,#A8A878
218,Slugma,fire,52.47494835050984,-18.902288955729084,8.553576354874233,#F08030
219,Magcargo,fire,51.749353856605396,-18.428935185714757,8.725903281928419,#F08030
220,Swinub,ice,36.52943856198109,-17.043621518189052,-35.06479935741092,#98D8D8
221,Piloswine,ice,36.09093074172904,-16.953945256808662,-34.77825316468538,#98D8D8
222,Corsola,water,1.4490260380446711,-14.721388421138766,-59.023392244830944,#6890F0
223,Remoraid,water,-22.992943038818584,-4.621702192916118,-56.912286800699206,#6890F0
224,Octillery,water,-23.07811825864035,-4.680856971653817,-56.819198253981384,#6890F0
225,Delibird,ice,-13.520000724647424,8.766233614447952,-23.094915260583196,#98D8D8
226,Mantine,water,-16.965243576337315,-13.967926409893387,-59.38516450638838,#6890F0
227,Skarmory,steel,-42.459683409507996,34.67528135404841,-25.336497266265063,#B8B8D0
228,Houndour,dark,8.550441055489621,36.39268369427518,25.591855961084786,#705848
229,Houndoom,dark,8.468835374492532,36.510357993189324,25.56415178338046,#705848
230,Kingdra,water,-15.795201575390136,-0.7719436986460165,-56.18796398456138,#6890F0
231,Phanpy,ground,39.79677466469623,-13.569898685253063,-27.4825924432186,#E0C068
232,Donphan,ground,40.048377805321124,-13.538850655570892,-27.382492361650606,#E0C068
233,Porygon2,normal,-39.9592967217927,25.341786276261193,17.661494375134694,#A8A878
234,Stantler,normal,-1.9007626448399895,42.949567744398365,19.599622400007622,#A8A878
235,Smeargle,normal,-58.54061021280983,21.550612748615805,55.13962290323329,#A8A878
236,Tyrogue,fighting,59.278736889685305,34.77869811037286,9.317070850446488,#C03028
237,Hitmontop,fighting,59.01762711646996,34.78248867962695,9.10673934376638,#C03028
238,Smoochum,ice,8.0530451588409,60.71619936682791,14.546719917368858,#98D8D8
239,Elekid,electric,-68.46922198533777,-14.14416379739687,0.8927253768943352,#F8D030
240,Magby,fire,50.00515631652662,-7.478785899084891,39.206562162502266,#F08030
241,Miltank,normal,27.063505517797697,47.50384104946087,-9.559126648222094,#A8A878
242,Blissey,normal,12.37284499986514,66.1671274203502,-13.21172561004481,#A8A878
243,Raikou,electric,-75.25966718115798,-12.346571502459422,8.213552273288807,#F8D030
244,Entei,fire,43.37049797769515,0.9436211495344932,41.95183811171672,#F08030
245,Suicune,water,-5.568663759035849,-1.9618005003150927,-46.24460822308389,#6890F0
246,Larvitar,rock,37.177637368883566,9.885833034575283,-18.008929579672543,#B8A038
247,Pupitar,rock,37.189937988295334,9.864703262989085,-17.990160211757992,#B8A038
248,Tyranitar,rock,40.45556726993724,20.9403677750126,-24.494275659581703,#B8A038
249,Lugia,psychic,-30.047138047213817,38.62052186732838,-24.650978921437737,#F85888
250,Ho-Oh,fire,-31.023526326090277,38.420315995887556,-24.53076406775347,#F08030
251,Celebi,psychic,2.774287537200203,52.69692681673148,28.21446279257452,#F85888
252,Treecko,grass,26.19479612104632,-58.52823778876037,36.99229267816007,#78C850
253,Grovyle,grass,25.778410263482613,-58.393285814877,37.094106888163736,#78C850
254,Sceptile,grass,25.107380347769414,-57.974669375316104,36.65701228926926,#78C850
255,Torchic,fire,49.32966522887763,-2.9757033090585345,46.81741190719883,#F08030
256,Combusken,fire,49.87608300462093,-3.879865270066299,47.218772045172784,#F08030
257,Blaziken,fire,50.121183635486275,-4.377854397929565,47.42678379168885,#F08030
258,Mudkip,water,6.871875995167075,-5.4051715475229045,-66.44763718623507,#6890F0
259,Marshtomp,water,5.908352773329735,-6.045087665732659,-66.43134427464457,#6890F0
260,Swampert,water,5.371452140465186,-6.395126947441865,-66.45045803110159,#6890F0
261,Poochyena,dark,6.186988689775659,39.64640883970386,24.773167031396383,#705848
262,Mightyena,dark,6.024523881999571,39.92214255282192,24.75885890749231,#705848
263,Zigzagoon,normal,13.97863931940869,24.76728062092012,-5.4066692281592355,#A8A878
264,Linoone,normal,13.720593322935501,24.97439107003993,-4.940502991198972,#A8A878
265,Wurmple,bug,-71.49958446770735,18.108840290958813,45.06457937978403,#A8B820
266,Silcoon,bug,-66.69119271886287,17.936118034521954,46.14397806840621,#A8B820
267,Beautifly,bug,-28.102172230458685,-49.31884090114815,-10.326810055395503,#A8B820
268,Cascoon,bug,-67.36633548566577,18.619698233843398,45.85354772362249,#A8B820
269,Dustox,bug,-28.602748106360323,-49.351162365510746,-10.440983749895958,#A8B820
270,Lotad,water,0.8669749798658773,-61.41140777081711,-21.870670381035545,#6890F0
271,Lombre,water,0.9137146557652702,-61.40575731478443,-22.898051420873944,#6890F0
272,Ludicolo,water,0.9412408151029383,-61.40332326143398,-23.47527718593148,#6890F0
273,Seedot,grass,7.320622555021954,-51.19043254489265,40.281323775202715,#78C850
274,Nuzleaf,grass,13.125515458105491,-52.31989196359791,39.49822573272348,#78C850
275,Shiftry,grass,13.269923769355657,-52.34423520266873,39.480942842288385,#78C850
276,Taillow,flying,-44.72899529619936,30.920204310409137,-24.50852410488094,#A8A878
277,Swellow,flying,-44.19176430696164,30.806847344802826,-24.596991505168173,#A8A878
278,Wingull,water,-39.9388863035195,23.725428224344892,-26.825122278787937,#6890F0
279,Pelipper,water,-39.85315660798792,23.456576534656218,-26.966771061912077,#6890F0
280,Ralts,psychic,-5.041034710972504,51.21075459899945,20.224377254825445,#F85888
281,Kirlia,psychic,-4.57720129762262,51.541862880043254,20.549212452574583,#F85888
282,Gardevoir,psychic,-4.808519415945558,52.27400763805775,20.0285526674907,#F85888
283,Surskit,bug,-28.269198723776903,-51.69719880013723,-13.545463085559138,#A8B820
284,Masquerain,bug,-28.440312721738675,-50.52707061448961,-12.091927329992723,#A8B820
285,Shroomish,grass,5.815876855077396,-51.27350924525953,40.33089777785712,#78C850
286,Breloom,grass,23.34271775073068,-57.305373738547196,36.77145275176484,#78C850
287,Slakoth,normal,27.128068764874975,44.73698887286096,-2.879757792781698,#A8A878
288,Vigoroth,normal,27.795194710335604,44.06612996970878,-3.2091644736638454,#A8A878
289,Slaking,normal,27.825889567555034,44.493272536150954,-3.7905730287298782,#A8A878
290,Nincada,bug,-16.882502841783197,-50.15733172334604,-7.497543324749535,#A8B820
291,Ninjask,bug,-17.653881728843594,-49.818706220977596,-7.827836334196483,#A8B820
292,Shedinja,bug,-16.43355863764837,-50.421901209589905,-7.331550127783274,#A8B820
293,Whismur,normal,17.725188917142834,45.318253677767586,-12.500125592655884,#A8A878
294,Loudred,normal,18.631914946230197,45.449822459554554,-12.369832054682604,#A8A878
295,Exploud,normal,19.18890743118357,45.528527466306286,-12.29805642824886,#A8A878
296,Makuhita,fighting,62.76134837915253,39.8810129339586,9.580366842029274,#C03028
297,Hariyama,fighting,63.135826792193086,40.044215545987434,9.779155923709107,#C03028
298,Azurill,normal,-11.382514637988285,-9.023710187666396,-57.73687830520231,#A8A878
299,Nosepass,rock,43.52709838315308,-9.85379359697679,-14.365178084679336,#B8A038
300,Skitty,normal,7.810754802133506,26.199556867313085,-5.600547706767623,#A8A878
301,Delcatty,normal,7.965683434966246,26.1345261553221,-5.616694727968875,#A8A878
302,Sableye,dark,-25.51775606454331,8.535093112928665,25.489871722664137,#705848
303,Mawile,steel,37.356006981561244,32.79786882636752,-5.32580718301003,#B8B8D0
304,Aron,steel,41.466550459277926,-6.651466146128559,-20.93187547172996,#B8B8D0
305,Lairon,steel,41.46859730767731,-6.676714144092824,-20.91002179062236,#B8B8D0
306,Aggron,steel,40.94733534640513,20.800789139498843,-24.641768321848076,#B8B8D0
307,Meditite,fighting,52.02757957272573,41.91050137528478,20.278823126011122,#C03028
308,Medicham,fighting,52.01831029621828,41.91657000546091,20.286665827011348,#C03028
309,Electrike,electric,-74.36668370995433,-12.378729208233652,10.340156510188525,#F8D030
310,Manectric,electric,-74.78572379440426,-12.12269839925207,9.80835396196859,#F8D030
311,Plusle,electric,-68.1477624320902,-20.96336633310232,0.13293609622074865,#F8D030
312,Minun,electric,-68.1388137091594,-20.998364709114114,0.5747599956666536,#F8D030
313,Volbeat,bug,-41.28735534949126,-49.26354627272591,-17.709571751029937,#A8B820
314,Illumise,bug,-41.329444108178116,-49.26787866830374,-17.72284283307582,#A8B820
315,Roselia,grass,0.32019817830211794,-50.522462549390255,33.13482128885139,#78C850
316,Gulpin,poison,-27.739182991381217,-30.297253567825596,27.1407396785893,#A040A0
317,Swalot,poison,-27.74424268991019,-30.294152520341026,27.145352897650223,#A040A0
318,Carvanha,water,-18.693676344281084,-6.094131246050471,-48.2944856701085,#6890F0
319,Sharpedo,water,-18.738064000768308,-5.994098252761727,-48.1113460478908,#6890F0
320,Wailmer,water,-3.9792435997662117,0.770773728492219,-50.25150984693771,#6890F0
321,Wailord,water,-4.152497583872022,0.4200164557537551,-49.69051040039986,#6890F0
322,Numel,fire,49.90662526013079,-17.182133853323432,7.20073083013064,#F08030
323,Camerupt,fire,50.14316420205535,-17.352365172842852,7.836422746895935,#F08030
324,Torkoal,fire,50.85219245777015,-17.843108435678346,8.793388632313825,#F08030
325,Spoink,psychic,1.60126448691115,50.53704647972429,24.214653797136254,#F85888
326,Grumpig,psychic,2.999627591438419,51.392236366093655,23.046494579019964,#F85888
327,Spinda,normal,4.224019610088557,51.424950472287165,21.775603157139898,#A8A878
328,Trapinch,ground,33.06655020196416,-12.404683595965775,-28.497958467176392,#E0C068
329,Vibrava,ground,29.489960661699453,-10.11964418907375,-28.78095614989587,#E0C068
330,Flygon,ground,29.19504831616127,-9.912892869199325,-28.784560306308293,#E0C068
331,Cacnea,grass,20.582637047991387,-56.20206750958292,36.77186583671777,#78C850
332,Cacturne,grass,20.875712401530524,-56.31457751980026,36.77510589871439,#78C850
333,Swablu,flying,-46.99400348443131,30.17297539179761,-26.063234419848932,#A8A878
334,Altaria,dragon,-47.52960071140546,29.99962477696299,-26.54199021519011,#7038F8
335,Zangoose,normal,27.809997038106708,43.152956486797436,-2.043185338213073,#A8A878
336,Seviper,poison,-15.02331657883006,-20.458171577701247,10.687316911273445,#A040A0
337,Lunatone,rock,6.975585058419104,39.66898945062369,56.82106745859312,#B8A038
338,Solrock,rock,6.789864875844254,39.06979791353066,57.25485024979402,#B8A038
339,Barboach,water,-0.9003067886637105,-12.682404643321046,-57.718356985903924,#6890F0
340,Whiscash,water,-0.789987513905737,-13.23826784280424,-57.52752694573044,#6890F0
341,Corphish,water,13.64965417587046,-30.184545725813777,-75.2569066495252,#6890F0
342,Crawdaunt,water,14.03426253144842,-30.59490598538527,-75.36506192502361,#6890F0
343,Baltoy,ground,7.083922435222362,40.78189665459213,55.45448788937658,#E0C068
344,Claydol,ground,7.318812668579182,40.41403027660443,55.59019870559782,#E0C068
345,Lileep,rock,0.6800590046630413,-61.57964334370904,25.443580316851484,#B8A038
346,Cradily,rock,0.6847434273746185,-61.57751680275819,25.423241183318684,#B8A038
347,Anorith,rock,29.20709800726392,-31.581588434575455,-10.025927142594332,#B8A038
348,Armaldo,rock,29.383248207733935,-31.39588271815191,-10.103517754766537,#B8A038
349,Feebas,water,-12.66176058667359,-9.43865433038386,-56.18386523019159,#6890F0
350,Milotic,water,-13.483970658786811,-7.826805969104006,-52.37794096698077,#6890F0
351,Castform,normal,-9.405979740888275,9.867272739482571,-22.61799280549447,#A8A878
352,Kecleon,normal,26.312637842565426,44.159947503767,-1.1388387077014455,#A8A878
353,Shuppet,ghost,-29.367801878680332,8.270318262671832,29.10209953800971,#705898
354,Banette,ghost,-29.046592679249915,9.140681066440466,29.1274625177526,#705898
355,Duskull,ghost,-28.69482183558609,7.521014091835566,28.734265951008677,#705898
356,Dusclops,ghost,-26.031697530535812,6.791617970763207,26.13344125373267,#705898
357,Tropius,grass,13.351317104351947,-56.419698187946985,54.86302182274671,#78C850
358,Chimecho,psychic,-2.579613903028796,50.28517026518878,22.744509555962548,#F85888
359,Absol,dark,-21.06250090644975,11.794076226594242,22.761824549847397,#705848
360,Wynaut,psychic,-56.46306223239042,21.668317275829374,56.73739091383026,#F85888
361,Snorunt,ice,-12.59769324486023,8.017676071723074,-21.70090390473287,#98D8D8
362,Glalie,ice,-12.428847210582722,7.652917652131227,-21.42781626145036,#98D8D8
363,Spheal,ice,-3.5061352376082087,2.69012045145756,-51.336922884817916,#98D8D8
364,Sealeo,ice,-3.2875838215104656,2.8420928683556697,-50.708717283340356,#98D8D8
365,Walrein,ice,-2.929635387329985,3.417632905874541,-50.085586597808486,#98D8D8
366,Clamperl,water,-12.894143456778457,-8.843969695916092,-56.10502730347509,#6890F0
367,Huntail,water,-14.945744145976839,-7.588100253717954,-53.49786724921705,#6890F0
368,Gorebyss,water,-14.35028054825082,-7.903097189620551,-53.15144446097168,#6890F0
369,Relicanth,water,0.4713607835864227,-14.025743434210405,-58.34325374646015,#6890F0
370,Luvdisc,water,-13.661282939841955,-10.047976401646475,-55.63129925555405,#6890F0
371,Bagon,dragon,23.681145473702944,-4.7063877062787025,-28.426167394180517,#7038F8
372,Shelgon,dragon,23.78361697878719,-4.858418964617839,-28.414527925909198,#7038F8
373,Salamence,dragon,24.596217949798103,-6.1596298704146735,-28.33200103980699,#7038F8
374,Beldum,steel,-57.6021870606265,22.03764159596951,58.68502912566815,#B8B8D0
375,Metang,steel,15.420126333956363,35.43934175815544,52.00464844809538,#B8B8D0
376,Metagross,steel,15.421777984598087,35.438245024405376,52.00377686530291,#B8B8D0
377,Regirock,rock,46.47225960735951,18.687202183093895,-26.213543780845864,#B8A038
378,Regice,ice,46.618615275388,18.54769927097621,-27.771389921946653,#98D8D8
379,Registeel,steel,46.325597782777585,18.675488131695065,-26.884717047294732,#B8B8D0
380,Latias,dragon,-23.74344044385472,39.79763904193564,-25.29433893957222,#7038F8
381,Latios,dragon,-23.78347306565393,39.78742349441452,-25.292168937037854,#7038F8
382,Kyogre,water,-4.769680928047433,-0.7853897006732136,-48.360407054491056,#6890F0
383,Groudon,ground,43.90536855319777,19.655296223382663,-25.531683424732492,#E0C068
384,Rayquaza,dragon,-0.3811616649613887,22.563041375219967,-40.01482454811644,#7038F8
385,Jirachi,steel,2.7715949069185135,53.77861252055919,29.54060956981928,#B8B8D0
386,Deoxys-Normal,psychic,2.768649428339526,58.130072113260724,27.881216726511845,#F85888
387,Turtwig,grass,11.643805163089931,-51.24693884030484,56.14778535543635,#78C850
388,Grotle,grass,11.776645474489413,-50.872988984363715,56.08248993678739,#78C850
389,Torterra,grass,12.323990760770831,-49.803547498240995,56.00469184067887,#78C850
390,Chimchar,fire,51.11138455008705,-13.970682228829645,37.0613696440974,#F08030
391,Monferno,fire,51.05953209568459,-13.250413210248349,37.3010363069949,#F08030
392,Infernape,fire,50.983012790491564,-12.543831245169251,37.528011078465155,#F08030
393,Piplup,water,5.426848725697304,-35.761365591510156,-50.18889932487366,#6890F0
394,Prinplup,water,6.0106821360160305,-35.91308833433519,-50.047992689550114,#6890F0
395,Empoleon,water,6.919328209008529,-36.13076329570691,-49.85462547979863,#6890F0
396,Starly,flying,-44.399930140216526,31.14455297677767,-21.350158660169086,#A8A878
397,Staravia,flying,-44.28167707554014,30.307943591589105,-21.238011693141168,#A8A878
398,Staraptor,flying,-43.58919692674727,29.95250537879693,-20.966623027964694,#A8A878
399,Bidoof,normal,14.580990470565272,24.076488846720984,-6.8720875945898445,#A8A878
400,Bibarel,normal,14.432052860432249,23.583248652346583,-7.302892565330439,#A8A878
401,Kricketot,bug,-69.20893730040027,19.89210864503133,48.82469376369616,#A8B820
402,Kricketune,bug,-17.826914411571607,-42.043355488476706,-3.894614717387775,#A8B820
403,Shinx,electric,-74.57684264348066,-11.853016791249335,12.49689859182087,#F8D030
404,Luxio,electric,-74.12842215267543,-11.269999247678912,12.227027861043883,#F8D030
405,Luxray,electric,-74.87722292384895,-10.943000344238758,11.768966186422505,#F8D030
406,Budew,grass,-0.6311148506180442,-50.82883159599734,33.37518716294537,#78C850
407,Roserade,grass,-0.7478940177961317,-51.41486846691995,33.392531280757616,#78C850
408,Cranidos,rock,33.85856181229949,22.150034209105844,-21.648642038676726,#B8A038
409,Rampardos,rock,34.681042240593776,22.381334797764392,-22.07832919713958,#B8A038
410,Shieldon,rock,41.348532333141186,-7.310729250146177,-16.685747516488195,#B8A038
411,Bastiodon,rock,41.42375538650578,-7.532985820601515,-16.36599129154854,#B8A038
412,Burmy,bug,-72.00021380356685,18.420730385935393,47.42336208977778,#A8B820
413,Wormadam-Plant,bug,-3.1485304277925428,-35.619916078918074,34.480579410105825,#A8B820
414,Mothim,bug,-29.323010977128977,-48.17489610861973,-10.38325698411018,#A8B820
415,Combee,bug,-70.34157877754924,20.544045822385232,49.493201870093486,#A8B820
416,Vespiquen,bug,-27.15750969072644,-47.28835544110386,-10.792783908650224,#A8B820
417,Pachirisu,electric,-64.71990284396452,-20.283537496954988,0.6680111430920719,#F8D030
418,Buizel,water,1.4539201609054682,-32.74049665008222,-54.11998367322023,#6890F0
419,Floatzel,water,1.404415718165225,-32.69296773162273,-54.158462592289744,#6890F0
420,Cherubi,grass,3.5724089183754364,-43.99192877426697,39.01656487149514,#78C850
421,Cherrim,grass,3.92310676575085,-43.52683816791836,38.40736040604936,#78C850
422,Shellos,water,-2.9791172314762484,-14.122225507750136,-55.82487348057534,#6890F0
423,Gastrodon,water,-1.9089469986736174,-14.170309561046102,-56.24934859926738,#6890F0
424,Ambipom,normal,16.579706055814416,26.45777400781219,4.470859040009705,#A8A878
425,Drifloon,ghost,-33.73630091647128,14.033601380492158,32.6723111050652,#705898
426,Drifblim,ghost,-33.728540988417926,14.026955090107789,32.653723472326874,#705898
427,Buneary,normal,16.224591677325808,21.118380711417313,6.382685180410164,#A8A878
428,Lopunny,normal,16.23517431259151,21.235230963202394,6.3114723673031286,#A8A878
429,Mismagius,ghost,-30.711577823882113,10.3461880395831,30.111711146346497,#705898
430,Honchkrow,dark,-48.50355115119723,18.36878920314298,-7.040378635850924,#705848
431,Glameow,normal,-2.013731924923763,18.76494184516098,12.954674143728562,#A8A878
432,Purugly,normal,-1.9282318701555134,18.90698849209997,12.861090178648208,#A8A878
433,Chingling,psychic,-2.2689130465973135,50.356723692357235,23.022219328012106,#F85888
434,Stunky,poison,-8.188966926503063,-13.383631093688573,7.439112449073952,#A040A0
435,Skuntank,poison,-8.18419803165414,-13.38772804396622,7.43279495031167,#A040A0
436,Bronzor,steel,6.401800066378097,40.438209987516174,52.745120795443775,#B8B8D0
437,Bronzong,steel,6.55382709680233,40.193790542571726,52.713866082115125,#B8B8D0
438,Bonsly,rock,54.9187494396076,-6.749116062362005,-23.885999173378643,#B8A038
439,Mime-Jr,psychic,-7.768358987896791,56.812668874317254,27.619592250066496,#F85888
440,Happiny,normal,-3.029928631026265,59.40923298861383,-9.773779882361401,#A8A878
441,Chatot,flying,-45.403199843692555,29.822827290005005,-22.464911993783137,#A8A878
442,Spiritomb,ghost,-28.16411252957776,10.082023726639301,29.42297016104969,#705898
443,Gible,dragon,26.890295273265206,0.330862651098828,-32.99793325439318,#7038F8
444,Gabite,dragon,27.083167076507124,0.6140854541702803,-33.283648094277204,#7038F8
445,Garchomp,dragon,26.883823787170215,1.4269173345258408,-33.57164558489828,#7038F8
446,Munchlax,normal,26.755109684050083,48.2412960555216,-7.970052049310115,#A8A878
447,Riolu,fighting,62.338632905067605,23.506890495181953,15.208134376863358,#C03028
448,Lucario,fighting,62.30074301528548,23.502464059307588,15.277754629551987,#C03028
449,Hippopotas,ground,34.37892659538721,-13.123818670151783,-28.495847094653914,#E0C068
450,Hippowdon,ground,34.58501211042407,-13.324677338163204,-28.53567303499499,#E0C068
451,Skorupi,poison,-6.4209497817101,-21.006670008407387,2.614391488423583,#A040A0
452,Drapion,poison,-6.369584943252499,-20.999138784202568,2.5829168177834436,#A040A0
453,Croagunk,poison,56.60171942653163,22.809157723371182,18.90756377648214,#A040A0
454,Toxicroak,poison,56.589341646123266,22.79311885071493,18.91251391056615,#A040A0
455,Carnivine,grass,-1.7334754980414233,-53.67965615884473,33.594931016958654,#78C850
456,Finneon,water,-17.693504567410923,-13.824484857886032,-54.472322347947916,#6890F0
457,Lumineon,water,-17.825828482619833,-13.695115194347126,-54.20536683009594,#6890F0
458,Mantyke,water,-16.912095521202335,-13.963195892462657,-58.984534314224724,#6890F0
459,Snover,grass,9.873705941847172,-51.32799439653371,14.467864846288839,#78C850
460,Abomasnow,grass,9.887394394559145,-51.33323176432441,14.449906428663262,#78C850
461,Weavile,dark,-19.533851947004987,10.283569371953007,21.52403550413119,#705848
462,Magnezone,electric,-58.89340231058371,-24.766689244711984,23.77124804215711,#F8D030
463,Lickilicky,normal,28.588001791796316,45.28254776957646,-11.15817839935978,#A8A878
464,Rhyperior,ground,35.57578896463667,22.85473650070334,-22.564900796016296,#E0C068
465,Tangrowth,grass,-2.210044450968143,-54.95268088955817,33.57827724551022,#78C850
466,Electivire,electric,-65.57036940918623,-14.169748141801508,0.7667664064828256,#F8D030
467,Magmortar,fire,50.39944217858866,-9.470324541153408,38.4036801834233,#F08030
468,Togekiss,fairy,-7.901628130727882,59.7934966447131,-12.13545740301634,#EE99AC
469,Yanmega,bug,-30.253920964390588,-46.589525448220634,-12.520534306093223,#A8B820
470,Leafeon,grass,6.456557774227202,-42.146855631756644,36.37851424306299,#78C850
471,Glaceon,ice,-5.7259618295871695,-2.5881360176879284,-43.795469120584684,#98D8D8
472,Gliscor,ground,-3.765115103326494,-22.808148272378887,-0.5079195882340269,#E0C068
473,Mamoswine,ice,35.30807779637605,-16.772431414215298,-34.23979790674324,#98D8D8
474,Porygon-Z,normal,-39.75000239198327,24.99611432537027,18.192483718957206,#A8A878
475,Gallade,psychic,1.630658295357824,58.792374033171356,28.590155796821428,#F85888
476,Probopass,rock,43.09437527170452,-9.683440714658037,-14.49569928067611,#B8A038
477,Dusknoir,ghost,-26.123477060976718,6.318066297180727,26.309235968014402,#705898
478,Froslass,ice,-13.04099858647397,8.146064604906297,-19.767180425424666,#98D8D8
479,Rotom,electric,-31.850738204645918,11.788543789371849,30.85267304231553,#F8D030
480,Uxie,psychic,2.4007317499743936,53.02749295474556,31.480915539066938,#F85888
481,Mesprit,psychic,2.58012832719358,53.37154398362267,31.13757329012986,#F85888
482,Azelf,psychic,2.5832248829624507,53.25911094901571,32.52823432362377,#F85888
483,Dialga,steel,0.7805871851932612,22.879529724681145,-38.74805420989825,#B8B8D0
484,Palkia,water,0.18975712246144547,22.652402258526692,-39.45449543740306,#6890F0
485,Heatran,fire,49.18911206469763,-16.829445849582015,11.190367831101828,#F08030
486,Regigigas,normal,48.469427310361155,18.298119493339062,-25.46813358435001,#A8A878
487,Giratina-Altered,ghost,1.5272109623191426,23.101262453903235,-37.88754220745704,#705898
488,Cresselia,psychic,1.3824664620999372,50.5928625443902,26.568135814443647,#F85888
489,Phione,water,-18.0495594942393,-17.60683539152921,-51.793522692804565,#6890F0
490,Manaphy,water,-18.261692271961735,-18.07589498957185,-51.996917514174896,#6890F0
491,Darkrai,dark,-21.1387529539844,10.690678592427561,22.788828793396547,#705848
492,Shaymin-Land,grass,4.95713275766221,-43.09377920972939,37.24393302496202,#78C850
493,Arceus,normal,-0.8972756127580481,24.362644339634382,-38.93451828870107,#A8A878
494,Victini,psychic,2.549217250920247,53.204362114330756,34.256719387772044,#F85888
495,Snivy,grass,6.5708657915966,-38.551806007055724,57.05484933475206,#78C850
496,Servine,grass,6.5998910960508494,-38.03067355218336,56.99104081490329,#78C850
497,Serperior,grass,7.1965840077986645,-37.602051123344424,57.393606831814424,#78C850
498,Tepig,fire,46.294163383490925,-14.935411656054413,18.04828828589032,#F08030
499,Pignite,fire,47.523127253832115,-15.853519444084142,18.512386514518436,#F08030
500,Emboar,fire,47.94324809024505,-16.165917649038622,18.65558810872969,#F08030
501,Oshawott,water,-3.435711069385403,-37.1253552832593,-41.74116157011335,#6890F0
502,Dewott,water,-3.0591512421683644,-36.96342205042846,-41.56391103690712,#6890F0
503,Samurott,water,-2.337893911042095,-37.394490336330016,-41.23213383819685,#6890F0
504,Patrat,normal,17.040071836080728,5.927958777576428,13.825566035037706,#A8A878
505,Watchog,normal,16.940776065194864,6.473687751658322,13.539526637897493,#A8A878
506,Lillipup,normal,17.615080264058125,2.6346316651541457,15.483137648816282,#A8A878
507,Herdier,normal,17.670881295763433,2.276075652631577,16.407679392192275,#A8A878
508,Stoutland,normal,17.733068077459727,1.7013066909664818,16.043969312649374,#A8A878
509,Purrloin,dark,-5.039876923381883,15.495399237786824,15.303611026708866,#705848
510,Liepard,dark,-5.2341164493438095,15.251404063743905,15.428129747108095,#705848
511,Pansage,grass,48.34592617312889,-23.31787219123871,34.61737690850243,#78C850
512,Simisage,grass,48.421171279475516,-23.10990184506943,34.543563035207875,#78C850
513,Pansear,fire,49.756317509892234,-19.17065350450687,34.04719241316084,#F08030
514,Simisear,fire,49.80149738419654,-19.129220236089942,33.617809245549914,#F08030
515,Panpour,water,12.226024570797119,-44.45607263223102,-36.710828353590664,#6890F0
516,Simipour,water,12.230448059367042,-44.4313432897539,-36.709860185610694,#6890F0
517,Munna,psychic,-10.458766041276398,48.68727514169729,34.88870410218097,#F85888
518,Musharna,psychic,-10.117961964057956,49.115341889350226,34.91057807812921,#F85888
519,Pidove,flying,-46.46549436354229,15.687867417783988,-20.463089318981055,#A8A878
520,Tranquill,flying,-46.750009730602784,15.581871244977648,-19.920776973079104,#A8A878
521,Unfezant,flying,-46.50716924560056,16.479748264659747,-19.73260391656229,#A8A878
522,Blitzle,electric,-58.32590483296594,-19.501428913077955,3.0471361135220927,#F8D030
523,Zebstrika,electric,-58.451287580885065,-19.320560464852445,2.745271564879943,#F8D030
524,Roggenrola,rock,37.77580239798622,-12.877974355368863,-13.73115569658779,#B8A038
525,Boldore,rock,37.62002743431231,-13.380491359715164,-13.498755359897832,#B8A038
526,Gigalith,rock,36.761528327341026,-13.22870962597437,-13.230876636451123,#B8A038
527,Woobat,psychic,-22.584223173172354,49.215372955954024,32.253047528654584,#F85888
528,Swoobat,psychic,-22.23728338328698,49.24502405390208,32.24043869725725,#F85888
529,Drilbur,ground,27.401107220835154,-27.215899357464025,-15.683488020461352,#E0C068
530,Excadrill,ground,27.361123135160696,-27.177309430388828,-15.571387039650219,#E0C068
531,Audino,normal,-1.5248592748699312,60.18908631023407,33.006096037032,#A8A878
532,Timburr,fighting,65.59905454058682,14.55216865313872,8.334089403455565,#C03028
533,Gurdurr,fighting,65.00587817772912,13.93055437442177,8.388326558886613,#C03028
534,Conkeldurr,fighting,63.873857003084765,14.358650517252935,8.282703808970505,#C03028
535,Tympole,water,-2.9596795933810682,-19.985777723404816,-50.43429526837814,#6890F0
536,Palpitoad,water,-2.635892571624378,-20.155810296648852,-50.403868654288935,#6890F0
537,Seismitoad,water,-1.9213988975185767,-21.099957730413273,-49.816864440735394,#6890F0
538,Throh,fighting,64.18524754431871,15.449082237434466,9.046787339110269,#C03028
539,Sawk,fighting,64.21682423628961,14.857018985081963,9.66435338452663,#C03028
540,Sewaddle,bug,-2.4752389897025937,-34.26572192604062,34.9491062609469,#A8B820
541,Swadloon,bug,-2.2977016636004604,-34.40914222673761,35.143467987649565,#A8B820
542,Leavanny,bug,-1.4689795043237937,-33.504136974881376,35.917523542810265,#A8B820
543,Venipede,bug,-19.122663587223176,-44.85963257775042,5.477442372199952,#A8B820
544,Whirlipede,bug,-19.07669496762641,-44.69509802513192,5.441292362931113,#A8B820
545,Scolipede,bug,-18.397420666891716,-45.08745439476106,6.52789786969368,#A8B820
546,Cottonee,grass,2.4585627957914897,-43.392743643704996,40.42618085068167,#78C850
547,Whimsicott,grass,1.9868068636824907,-40.48613108115877,39.66239869560436,#78C850
548,Petilil,grass,2.049391754488253,-43.155783958162225,39.687517393465086,#78C850
549,Lilligant,grass,1.8571353828522235,-41.78473307097812,39.32669633814336,#78C850
550,Basculin-Red-Striped,water,-12.094588879193665,-11.675035204123976,-55.33157240493009,#6890F0
551,Sandile,ground,39.07539596208066,3.3410115693102718,3.6293795431741827,#E0C068
552,Krokorok,ground,38.34912110074162,3.139556241653557,3.3230609024089848,#E0C068
553,Krookodile,ground,37.62784785473535,2.952787346373897,3.015265950113258,#E0C068
554,Darumaka,fire,47.20522108573312,-15.608530382773239,16.2248877964118,#F08030
555,Darmanitan-Standard,fire,47.58115221700006,-15.875794985923573,15.741521412098962,#F08030
556,Maractus,grass,0.4342697614480115,-43.05191731462788,40.63023987401565,#78C850
557,Dwebble,bug,26.735773075943474,-29.319104195423023,-11.019526500269688,#A8B820
558,Crustle,bug,26.4476282174156,-29.13634140884617,-11.064887458821655,#A8B820
559,Scraggy,dark,55.98166816686771,10.60225053927493,10.003138842477055,#705848
560,Scrafty,dark,55.87321198317577,10.509091047731538,9.986469675123638,#705848
561,Sigilyph,psychic,-21.037471061115863,49.349366245746246,32.20402432016646,#F85888
562,Yamask,ghost,-26.340218722712226,9.397675521613179,38.121577553712214,#705898
563,Cofagrigus,ghost,-26.277415821174433,9.411468925061616,38.240526321185776,#705898
564,Tirtouga,water,14.505676404097896,-19.827963090889988,-54.81394564099751,#6890F0
565,Carracosta,water,14.520490208827335,-19.831905550628615,-54.79502175725359,#6890F0
566,Archen,rock,20.787513303889426,-14.028528666847906,-14.690417158548348,#B8A038
567,Archeops,rock,20.786079777438836,-14.021917783000069,-14.693373420388818,#B8A038
568,Trubbish,poison,-23.332499998878564,-29.380553846919675,22.35931218892633,#A040A0
569,Garbodor,poison,-23.315994221821875,-29.398411787463647,22.351905497787204,#A040A0
570,Zorua,dark,-6.6775318357832205,13.416102181939728,16.48728919962249,#705848
571,Zoroark,dark,-6.841047779321173,13.133206580678582,16.486409432848248,#705848
572,Minccino,normal,15.20009743156419,9.602779110368525,15.425681255769629,#A8A878
573,Cinccino,normal,15.302457106967095,9.387384703526667,15.346650123467185,#A8A878
574,Gothita,psychic,-8.40322892889691,57.442260718033445,28.876858436725325,#F85888
575,Gothorita,psychic,-8.93339903147297,57.584322738552785,29.312286544547415,#F85888
576,Gothitelle,psychic,-8.283733568979406,57.9768493653736,29.869377925123523,#F85888
577,Solosis,psychic,-11.582087588540029,47.96675731158872,36.59374141739985,#F85888
578,Duosion,psychic,-11.173968202779804,48.063163740465434,36.68754538644836,#F85888
579,Reuniclus,psychic,-11.074962576998264,47.370623358998,38.03012600337096,#F85888
580,Ducklett,water,-41.513241587392514,17.800068762366223,-25.912211592012877,#6890F0
581,Swanna,water,-41.56170916411895,17.770881493967728,-25.841433222799072,#6890F0
582,Vanillite,ice,-13.1650873321563,0.3317940633323717,-20.931115053046465,#98D8D8
583,Vanillish,ice,-12.71053830355099,-0.00950432803491365,-20.43340538597434,#98D8D8
584,Vanilluxe,ice,-13.613906213002458,-0.1235351308202423,-20.144193792076063,#98D8D8
585,Deerling,normal,9.074386911575832,-37.47891673763006,34.87848049269331,#A8A878
586,Sawsbuck,normal,9.057601245946168,-37.660579236759176,34.89598403375696,#A8A878
587,Emolga,electric,-61.086953294497675,-19.46211354399355,1.3165686060255781,#F8D030
588,Karrablast,bug,-17.561000459762113,-41.32547154990143,-1.9822442935851121,#A8B820
589,Escavalier,bug,-17.586807944945157,-41.41867948106842,-2.3019382978986926,#A8B820
590,Foongus,grass,-3.0687397530201803,-44.69925314825119,36.74675100921225,#78C850
591,Amoonguss,grass,-3.015790731432178,-44.39965352317998,36.757611380669665,#78C850
592,Frillish,water,-22.518170611834062,-22.70810883338695,-45.0717294812454,#6890F0
593,Jellicent,water,-22.51718143693046,-22.709368633014602,-45.06960978638592,#6890F0
594,Alomomola,water,-17.64216501492467,-16.661445155529563,-51.16327741732509,#6890F0
595,Joltik,bug,-52.616197107283895,-24.002818240220257,4.918567808328687,#A8B820
596,Galvantula,bug,-52.704942488060546,-23.942793313540204,4.926972480527017,#A8B820
597,Ferroseed,grass,0.2816326857361663,-32.58861979983058,22.476779961230278,#78C850
598,Ferrothorn,grass,0.2929059263696978,-32.57760444807099,22.4511112649279,#78C850
599,Klink,steel,-54.33471509700065,-27.13966066823288,22.565595120837745,#B8B8D0
600,Klang,steel,-54.66708894534114,-27.78899841899772,22.5089249789228,#B8B8D0
601,Klinklang,steel,-54.07014665929171,-27.649887413326603,21.91814535115745,#B8B8D0
602,Tynamo,electric,-60.54469064148352,20.714994414365016,56.30573128734634,#F8D030
603,Eelektrik,electric,-58.18564113819056,-18.267148710516064,1.4816793314973697,#F8D030
604,Eelektross,electric,-57.76773298715752,-17.30131836628802,0.8346823028875553,#F8D030
605,Elgyem,psychic,-13.255907169821661,51.72549464066465,34.8653336950155,#F85888
606,Beheeyem,psychic,-13.00215368008286,51.85296318029328,34.665887262691626,#F85888
607,Litwick,ghost,-23.13718642792599,8.079708840651222,44.00847825111567,#705898
608,Lampent,ghost,-22.81453394728044,7.712666673486425,43.70089957610711,#705898
609,Chandelure,ghost,-22.5679244209513,8.164070016649362,43.06087999736067,#705898
610,Axew,dragon,30.79581731325352,1.385252468227707,0.3553884125048698,#7038F8
611,Fraxure,dragon,31.25777926084707,1.5074269982299546,0.48556791786950465,#7038F8
612,Haxorus,dragon,32.0423915293524,1.699139045846328,0.771631089973671,#7038F8
613,Cubchoo,ice,12.345473001072351,-35.54066930217453,-38.933750944478625,#98D8D8
614,Beartic,ice,12.349447969231242,-35.54453190161411,-38.92979628751423,#98D8D8
615,Cryogonal,ice,-13.17222325958444,-1.284117956554333,-20.94251111008703,#98D8D8
616,Shelmet,bug,-20.752211011863942,-41.5407358728622,1.8959978243974196,#A8B820
617,Accelgor,bug,-20.81555357034395,-41.33622996935927,1.7647489645688592,#A8B820
618,Stunfisk,ground,-2.1846047274292113,-17.84701027119996,-52.68589401847564,#E0C068
619,Mienfoo,fighting,64.11039865194633,16.48275705250703,14.904494359044882,#C03028
620,Mienshao,fighting,64.04453704807773,16.25658761992521,14.86024045520623,#C03028
621,Druddigon,dragon,33.53836541216883,2.0773877604115305,1.31914763330995,#7038F8
622,Golett,ground,51.295806786170736,17.69208400640242,-24.82493482030101,#E0C068
623,Golurk,ground,51.094192825500656,17.736097675368367,-24.87469432423445,#E0C068
624,Pawniard,dark,-8.537980215979044,7.233531298628845,15.40473287569336,#705848
625,Bisharp,dark,-8.531159338322661,7.230975649208597,15.402599456990322,#705848
626,Bouffalant,normal,17.818373373528235,-4.0956433669314,16.958538367204564,#A8A878
627,Rufflet,flying,-44.23182993728325,14.701580421455091,-16.220405699816062,#A8A878
628,Braviary,flying,-44.201900897694685,14.682474109722024,-16.00863577964192,#A8A878
629,Vullaby,dark,-48.607118416308076,14.878683585903499,-8.459230630973535,#705848
630,Mandibuzz,dark,-48.90393997720237,14.576541724182388,-8.549504789057043,#705848
631,Heatmor,fire,50.03652924614384,-18.808347184164777,32.4005770500123,#F08030
632,Durant,bug,25.11608215153846,-28.737069147676568,-11.018389275950037,#A8B820
633,Deino,dark,18.137993902773744,-2.396433707610365,-11.632693094876679,#705848
634,Zweilous,dark,17.9931789999986,-2.390889055372972,-11.74169347666068,#705848
635,Hydreigon,dark,16.896453426288556,-2.3232366906804645,-12.523586021400959,#705848
636,Larvesta,bug,-35.2389640378533,-35.48120333849647,-2.300723287507435,#A8B820
637,Volcarona,bug,-35.23685139536391,-35.51300341960261,-2.3329236038397454,#A8B820
638,Cobalion,steel,17.56530916720626,-7.368674050417,17.567481094313692,#B8B8D0
639,Terrakion,rock,17.61104115065252,-6.870511769575142,17.482975813745202,#B8A038
640,Virizion,grass,17.243329855667884,-9.134386550271579,18.59347236594858,#78C850
641,Tornadus-Incarnate,flying,-50.476050432919024,8.645737462181595,-6.488024669036677,#A890F0
642,Thundurus-Incarnate,electric,-50.53460662571605,8.324159958326328,-6.318528502633417,#F8D030
643,Reshiram,dragon,9.359982038309097,-0.15764524901734467,-15.718017341678264,#7038F8
644,Zekrom,dragon,7.931956730828168,0.22636580248543922,-15.975132933145737,#7038F8
645,Landorus-Incarnate,ground,34.49469304458276,-13.516358043727847,-12.360423818101989,#E0C068
646,Kyurem,dragon,8.5171856706217,0.06776512505776425,-15.874547472569564,#7038F8
647,Keldeo-Ordinary,water,17.498962721515554,-8.585662375039838,17.561575055890753,#6890F0
648,Meloetta-Aria,normal,-1.8858894501541004,59.057658607415235,31.95732310253688,#A8A878
649,Genesect,bug,-53.00120701224772,-28.30083157004494,21.066903760562923,#A8B820
650,Chespin,grass,45.63802782650444,-40.63030300295684,24.365748092986987,#78C850
651,Quilladin,grass,45.56105722033258,-40.64833286579607,24.946990992939778,#78C850
652,Chesnaught,grass,46.1129780236197,-40.041687149609544,25.000273817708685,#78C850
653,Fennekin,fire,-7.985467542220534,20.06134898053396,45.384920792799115,#F08030
654,Braixen,fire,-7.838666900955834,20.768155756344665,45.30387732265668,#F08030
655,Delphox,fire,-7.698637570320001,21.447755823805196,45.22160238100177,#F08030
656,Froakie,water,5.676989198784965,-43.739297558997876,-44.37673928656063,#6890F0
657,Frogadier,water,6.126272267085255,-44.07921800783069,-44.07438656177597,#6890F0
658,Greninja,water,5.875988001030659,-44.75994036507961,-44.26513806773029,#6890F0
659,Bunnelby,normal,34.39048047101443,-13.364774787655653,1.7219991990443566,#A8A878
660,Diggersby,normal,34.40894627363999,-13.340784477841362,1.7174498222343706,#A8A878
661,Fletchling,flying,-49.70578946739814,11.471701716598018,-20.610669319601378,#A8A878
662,Fletchinder,fire,-50.16010699056552,10.74156995265149,-20.770047904253502,#F08030
663,Talonflame,fire,-50.45941826698278,10.264537726109157,-20.85260203170012,#F08030
664,Scatterbug,bug,-72.2305148845793,18.976523664315987,46.357285142802695,#A8B820
665,Spewpa,bug,-68.01565920467328,19.038721914332086,47.733344228359776,#A8B820
666,Vivillon,bug,-30.34209625755214,-47.640102678343034,-9.359225283267769,#A8B820
667,Litleo,fire,42.11943190968858,-11.705103081797075,18.57095423536421,#F08030
668,Pyroar,fire,42.06553059258376,-11.664133384681552,18.556963201858128,#F08030
669,Flabebe,fairy,2.730713939104522,-9.117202597850705,53.57442481272969,#EE99AC
670,Floette,fairy,3.0864212419996067,-9.19345436960338,53.142056134753005,#EE99AC
671,Florges,fairy,3.847699692495348,-8.818940388450535,53.731594357664804,#EE99AC
672,Skiddo,grass,11.988730808266514,-34.593905552848,33.35459737339062,#78C850
673,Gogoat,grass,12.000292446771882,-34.547870192682815,33.33139164751391,#78C850
674,Pancham,fighting,59.709144269485996,10.985070359049597,12.184662240098993,#C03028
675,Pangoro,fighting,59.59439532941518,10.770889573704505,12.225834766148365,#C03028
676,Furfrou,normal,17.655596783697767,3.267570551885787,17.847250179223426,#A8A878
677,Espurr,psychic,-7.963647048677172,54.36980436417641,34.261552307489296,#F85888
678,Meowstic-Male,psychic,-7.79560531309722,54.484834167730455,34.228090090254824,#F85888
679,Honedge,steel,12.562831848575698,-31.370830646898742,-0.1858489469015838,#B8B8D0
680,Doublade,steel,12.918863392142287,-31.21223152306663,-0.4658929085834224,#B8B8D0
681,Aegislash-Shield,steel,12.642331159874827,-30.394616636037565,-0.07946579819752533,#B8B8D0
682,Spritzee,fairy,4.274188959181733,-3.86054981289073,53.77170159069046,#EE99AC
683,Aromatisse,fairy,4.211102534818604,-3.099633799881703,53.37073602230417,#EE99AC
684,Swirlix,fairy,3.056638312348002,-4.838980634550686,52.705702851313085,#EE99AC
685,Slurpuff,fairy,2.915381549822557,-4.1170768413950505,52.360648075246026,#EE99AC
686,Inkay,dark,-6.312690626807084,13.046735280621823,25.28048765701082,#705848
687,Malamar,dark,-6.312709580481941,13.045763535276269,25.288742107211284,#705848
688,Binacle,rock,22.14492496179268,-32.69935176470011,-20.45265816722653,#B8A038
689,Barbaracle,rock,22.141705804696347,-32.70313701839674,-20.457901844880165,#B8A038
690,Skrelp,poison,-8.639388076736859,-27.77656448074704,-38.31279580669395,#A040A0
691,Dragalge,poison,-8.498707120666483,-27.870524008527283,-37.757107228094995,#A040A0
692,Clauncher,water,-8.129164715081634,-28.078174452778736,-40.2766127074655,#6890F0
693,Clawitzer,water,-8.000794353386706,-28.33080630863738,-39.98016762987354,#6890F0
694,Helioptile,electric,-61.41508780412824,-16.36783034694653,1.2310562267447633,#F8D030
695,Heliolisk,electric,-61.61262245491767,-16.02386002990404,1.124723179477999,#F8D030
696,Tyrunt,rock,30.263952880837046,-12.965471777536465,-12.145141744842595,#B8A038
697,Tyrantrum,rock,30.596189353426105,-13.017293203108585,-12.136550037413082,#B8A038
698,Amaura,rock,-3.6084042546732675,-7.921521314015658,-19.417023563918985,#B8A038
699,Aurorus,rock,-3.59746945700299,-7.926535246317047,-19.41395034712354,#B8A038
700,Sylveon,fairy,2.4211572636142247,-2.1070718375750204,53.19778593718659,#EE99AC
701,Hawlucha,fighting,63.535466880658745,14.866660366043543,14.580555713842422,#C03028
702,Dedenne,electric,-62.02792979834371,-19.25675304762751,1.0937842145583767,#F8D030
703,Carbink,rock,8.539937001488628,3.6377321813040395,56.036496652661,#B8A038
704,Goomy,dragon,-9.310485818323327,-27.30248861469867,-33.61455950544129,#7038F8
705,Sliggoo,dragon,-9.041737541960634,-27.252470478868982,-33.60738084960214,#7038F8
706,Goodra,dragon,-7.890562740505887,-26.977894412022998,-33.06482039922197,#7038F8
707,Klefki,steel,2.6455368468763942,-3.4040544654109586,50.9185036095156,#B8B8D0
708,Phantump,ghost,-21.129208922860514,-10.037267256643897,52.51303281902571,#705898
709,Trevenant,ghost,-21.067800452346315,-10.394527877544581,52.63124742796883,#705898
710,Pumpkaboo-Average,ghost,-21.457633229883843,-7.946782481879717,51.804063868300645,#705898
711,Gourgeist-Average,ghost,-21.359830569558444,-7.783684547404502,51.669272658432156,#705898
712,Bergmite,ice,-8.93361327049259,-3.5507051476101914,-21.615526867524267,#98D8D8
713,Avalugg,ice,-8.715967782386357,-3.7126134083782,-21.661128109340957,#98D8D8
714,Noibat,flying,-53.76933607203303,13.474187637046704,-12.463256737131093,#A890F0
715,Noivern,flying,-53.66264159775965,13.45953081707936,-12.314982288053757,#A890F0
716,Xerneas,fairy,4.611065980754382,-1.6973276407886448,52.65959791199539,#EE99AC
717,Yveltal,dark,-49.80694810416191,13.470281411538181,-8.909754816893141,#705848
718,Zygarde,dragon,32.27095405625494,-13.263752409318446,-12.124539370026607,#7038F8
719,Diancie,rock,8.48132972956863,3.557443001827811,56.01212604051634,#B8A038
720,Hoopa,psychic,-2.299445177624601,58.670835069372394,31.62355596788884,#F85888
721,Volcanion,fire,48.23427540824687,-16.31896487090166,13.59286846909729,#F08030
